1516924314838,6,1 sensors AWS,200,publish successfully for Connection org.fusesource.mqtt.client.CallbackConnection@1190b0a1.,1 sensors AWS 1-1,,true,,20,0,1,2,6,0,0
1516924314947,8,1 sensors AWS,200,publish successfully for Connection org.fusesource.mqtt.client.CallbackConnection@1190b0a1.,1 sensors AWS 1-1,,true,,20,0,1,2,8,0,0
1516924314974,192,1 sensors Google,200,publish successfully for Connection org.fusesource.mqtt.client.CallbackConnection@60e432d6.,1 sensors Google 2-1,,true,,20,0,1,2,192,0,0
1516924315167,72,1 sensors Google,200,publish successfully for Connection org.fusesource.mqtt.client.CallbackConnection@60e432d6.,1 sensors Google 2-1,,true,,20,0,1,2,72,0,0
1516924315547,7,1 sensors AWS,200,publish successfully for Connection org.fusesource.mqtt.client.CallbackConnection@1190b0a1.,1 sensors AWS 1-1,,true,,20,0,1,2,7,0,0
1516924315767,73,1 sensors Google,200,publish successfully for Connection org.fusesource.mqtt.client.CallbackConnection@60e432d6.,1 sensors Google 2-1,,true,,20,0,1,2,73,0,0
1516924316147,6,1 sensors AWS,200,publish successfully for Connection org.fusesource.mqtt.client.CallbackConnection@1190b0a1.,1 sensors AWS 1-1,,true,,20,0,1,2,6,0,0
1516924316367,70,1 sensors Google,200,publish successfully for Connection org.fusesource.mqtt.client.CallbackConnection@60e432d6.,1 sensors Google 2-1,,true,,20,0,1,2,70,0,0
1516924316747,5,1 sensors AWS,200,publish successfully for Connection org.fusesource.mqtt.client.CallbackConnection@1190b0a1.,1 sensors AWS 1-1,,true,,20,0,1,2,5,0,0
1516924316967,77,1 sensors Google,200,publish successfully for Connection org.fusesource.mqtt.client.CallbackConnection@60e432d6.,1 sensors Google 2-1,,true,,20,0,1,2,77,0,0
1516924317347,5,1 sensors AWS,200,publish successfully for Connection org.fusesource.mqtt.client.CallbackConnection@1190b0a1.,1 sensors AWS 1-1,,true,,20,0,1,2,5,0,0
1516924317567,68,1 sensors Google,200,publish successfully for Connection org.fusesource.mqtt.client.CallbackConnection@60e432d6.,1 sensors Google 2-1,,true,,20,0,1,2,68,0,0
1516924317948,5,1 sensors AWS,200,publish successfully for Connection org.fusesource.mqtt.client.CallbackConnection@1190b0a1.,1 sensors AWS 1-1,,true,,20,0,1,2,5,0,0
1516924318167,71,1 sensors Google,200,publish successfully for Connection org.fusesource.mqtt.client.CallbackConnection@60e432d6.,1 sensors Google 2-1,,true,,20,0,1,2,71,0,0
1516924318547,5,1 sensors AWS,200,publish successfully for Connection org.fusesource.mqtt.client.CallbackConnection@1190b0a1.,1 sensors AWS 1-1,,true,,20,0,1,2,5,0,0
1516924318767,76,1 sensors Google,200,publish successfully for Connection org.fusesource.mqtt.client.CallbackConnection@60e432d6.,1 sensors Google 2-1,,true,,20,0,1,2,76,0,0
1516924319147,4,1 sensors AWS,200,publish successfully for Connection org.fusesource.mqtt.client.CallbackConnection@1190b0a1.,1 sensors AWS 1-1,,true,,20,0,1,2,4,0,0
1516924319367,77,1 sensors Google,200,publish successfully for Connection org.fusesource.mqtt.client.CallbackConnection@60e432d6.,1 sensors Google 2-1,,true,,20,0,1,2,77,0,0
1516924319747,6,1 sensors AWS,200,publish successfully for Connection org.fusesource.mqtt.client.CallbackConnection@1190b0a1.,1 sensors AWS 1-1,,true,,20,0,1,2,6,0,0
1516924319968,90,1 sensors Google,200,publish successfully for Connection org.fusesource.mqtt.client.CallbackConnection@60e432d6.,1 sensors Google 2-1,,true,,20,0,1,2,90,0,0
1516924320347,9,1 sensors AWS,200,publish successfully for Connection org.fusesource.mqtt.client.CallbackConnection@1190b0a1.,1 sensors AWS 1-1,,true,,20,0,1,2,9,0,0
1516924320567,70,1 sensors Google,200,publish successfully for Connection org.fusesource.mqtt.client.CallbackConnection@60e432d6.,1 sensors Google 2-1,,true,,20,0,1,2,70,0,0
1516924320947,7,1 sensors AWS,200,publish successfully for Connection org.fusesource.mqtt.client.CallbackConnection@1190b0a1.,1 sensors AWS 1-1,,true,,20,0,1,2,7,0,0
1516924321168,68,1 sensors Google,200,publish successfully for Connection org.fusesource.mqtt.client.CallbackConnection@60e432d6.,1 sensors Google 2-1,,true,,20,0,1,2,68,0,0
1516924321547,9,1 sensors AWS,200,publish successfully for Connection org.fusesource.mqtt.client.CallbackConnection@1190b0a1.,1 sensors AWS 1-1,,true,,20,0,1,2,9,0,0
1516924321767,70,1 sensors Google,200,publish successfully for Connection org.fusesource.mqtt.client.CallbackConnection@60e432d6.,1 sensors Google 2-1,,true,,20,0,1,2,70,0,0
1516924322148,5,1 sensors AWS,200,publish successfully for Connection org.fusesource.mqtt.client.CallbackConnection@1190b0a1.,1 sensors AWS 1-1,,true,,20,0,1,2,5,0,0
1516924322367,70,1 sensors Google,200,publish successfully for Connection org.fusesource.mqtt.client.CallbackConnection@60e432d6.,1 sensors Google 2-1,,true,,20,0,1,2,70,0,0
1516924322747,5,1 sensors AWS,200,publish successfully for Connection org.fusesource.mqtt.client.CallbackConnection@1190b0a1.,1 sensors AWS 1-1,,true,,20,0,1,2,5,0,0
1516924322967,68,1 sensors Google,200,publish successfully for Connection org.fusesource.mqtt.client.CallbackConnection@60e432d6.,1 sensors Google 2-1,,true,,20,0,1,2,68,0,0
1516924323348,4,1 sensors AWS,200,publish successfully for Connection org.fusesource.mqtt.client.CallbackConnection@1190b0a1.,1 sensors AWS 1-1,,true,,20,0,1,2,4,0,0
1516924323567,77,1 sensors Google,200,publish successfully for Connection org.fusesource.mqtt.client.CallbackConnection@60e432d6.,1 sensors Google 2-1,,true,,20,0,1,2,77,0,0
1516924323947,6,1 sensors AWS,200,publish successfully for Connection org.fusesource.mqtt.client.CallbackConnection@1190b0a1.,1 sensors AWS 1-1,,true,,20,0,1,2,6,0,0
1516924324167,69,1 sensors Google,200,publish successfully for Connection org.fusesource.mqtt.client.CallbackConnection@60e432d6.,1 sensors Google 2-1,,true,,20,0,1,2,69,0,0
1516924324548,6,1 sensors AWS,200,publish successfully for Connection org.fusesource.mqtt.client.CallbackConnection@1190b0a1.,1 sensors AWS 1-1,,true,,20,0,1,2,6,0,0
1516924324767,78,1 sensors Google,200,publish successfully for Connection org.fusesource.mqtt.client.CallbackConnection@60e432d6.,1 sensors Google 2-1,,true,,20,0,1,2,78,0,0
1516924325147,5,1 sensors AWS,200,publish successfully for Connection org.fusesource.mqtt.client.CallbackConnection@1190b0a1.,1 sensors AWS 1-1,,true,,20,0,1,2,5,0,0
1516924325367,92,1 sensors Google,200,publish successfully for Connection org.fusesource.mqtt.client.CallbackConnection@60e432d6.,1 sensors Google 2-1,,true,,20,0,1,2,92,0,0
1516924325747,8,1 sensors AWS,200,publish successfully for Connection org.fusesource.mqtt.client.CallbackConnection@1190b0a1.,1 sensors AWS 1-1,,true,,20,0,1,2,8,0,0
1516924325968,68,1 sensors Google,200,publish successfully for Connection org.fusesource.mqtt.client.CallbackConnection@60e432d6.,1 sensors Google 2-1,,true,,20,0,1,2,68,0,0
1516924326347,6,1 sensors AWS,200,publish successfully for Connection org.fusesource.mqtt.client.CallbackConnection@1190b0a1.,1 sensors AWS 1-1,,true,,20,0,1,2,6,0,0
1516924326567,67,1 sensors Google,200,publish successfully for Connection org.fusesource.mqtt.client.CallbackConnection@60e432d6.,1 sensors Google 2-1,,true,,20,0,1,2,67,0,0
1516924326947,5,1 sensors AWS,200,publish successfully for Connection org.fusesource.mqtt.client.CallbackConnection@1190b0a1.,1 sensors AWS 1-1,,true,,20,0,1,2,5,0,0
1516924327167,72,1 sensors Google,200,publish successfully for Connection org.fusesource.mqtt.client.CallbackConnection@60e432d6.,1 sensors Google 2-1,,true,,20,0,1,2,72,0,0
1516924327547,7,1 sensors AWS,200,publish successfully for Connection org.fusesource.mqtt.client.CallbackConnection@1190b0a1.,1 sensors AWS 1-1,,true,,20,0,1,2,7,0,0
1516924327768,74,1 sensors Google,200,publish successfully for Connection org.fusesource.mqtt.client.CallbackConnection@60e432d6.,1 sensors Google 2-1,,true,,20,0,1,2,74,0,0
1516924328147,5,1 sensors AWS,200,publish successfully for Connection org.fusesource.mqtt.client.CallbackConnection@1190b0a1.,1 sensors AWS 1-1,,true,,20,0,1,2,5,0,0
1516924328367,112,1 sensors Google,200,publish successfully for Connection org.fusesource.mqtt.client.CallbackConnection@60e432d6.,1 sensors Google 2-1,,true,,20,0,1,2,112,0,0
1516924328747,6,1 sensors AWS,200,publish successfully for Connection org.fusesource.mqtt.client.CallbackConnection@1190b0a1.,1 sensors AWS 1-1,,true,,20,0,1,2,6,0,0
1516924328967,70,1 sensors Google,200,publish successfully for Connection org.fusesource.mqtt.client.CallbackConnection@60e432d6.,1 sensors Google 2-1,,true,,20,0,1,2,70,0,0
1516924329347,5,1 sensors AWS,200,publish successfully for Connection org.fusesource.mqtt.client.CallbackConnection@1190b0a1.,1 sensors AWS 1-1,,true,,20,0,1,2,5,0,0
1516924329567,72,1 sensors Google,200,publish successfully for Connection org.fusesource.mqtt.client.CallbackConnection@60e432d6.,1 sensors Google 2-1,,true,,20,0,1,2,72,0,0
1516924329947,5,1 sensors AWS,200,publish successfully for Connection org.fusesource.mqtt.client.CallbackConnection@1190b0a1.,1 sensors AWS 1-1,,true,,20,0,1,2,5,0,0
1516924330167,80,1 sensors Google,200,publish successfully for Connection org.fusesource.mqtt.client.CallbackConnection@60e432d6.,1 sensors Google 2-1,,true,,20,0,1,2,80,0,0
1516924330547,6,1 sensors AWS,200,publish successfully for Connection org.fusesource.mqtt.client.CallbackConnection@1190b0a1.,1 sensors AWS 1-1,,true,,20,0,1,2,6,0,0
1516924330767,71,1 sensors Google,200,publish successfully for Connection org.fusesource.mqtt.client.CallbackConnection@60e432d6.,1 sensors Google 2-1,,true,,20,0,1,2,71,0,0
1516924331147,7,1 sensors AWS,200,publish successfully for Connection org.fusesource.mqtt.client.CallbackConnection@1190b0a1.,1 sensors AWS 1-1,,true,,20,0,1,2,7,0,0
1516924331368,72,1 sensors Google,200,publish successfully for Connection org.fusesource.mqtt.client.CallbackConnection@60e432d6.,1 sensors Google 2-1,,true,,20,0,1,2,72,0,0
1516924331747,5,1 sensors AWS,200,publish successfully for Connection org.fusesource.mqtt.client.CallbackConnection@1190b0a1.,1 sensors AWS 1-1,,true,,20,0,1,2,5,0,0
1516924331967,72,1 sensors Google,200,publish successfully for Connection org.fusesource.mqtt.client.CallbackConnection@60e432d6.,1 sensors Google 2-1,,true,,20,0,1,2,72,0,0
1516924332347,8,1 sensors AWS,200,publish successfully for Connection org.fusesource.mqtt.client.CallbackConnection@1190b0a1.,1 sensors AWS 1-1,,true,,20,0,1,2,8,0,0
1516924332567,66,1 sensors Google,200,publish successfully for Connection org.fusesource.mqtt.client.CallbackConnection@60e432d6.,1 sensors Google 2-1,,true,,20,0,1,2,66,0,0
1516924332947,5,1 sensors AWS,200,publish successfully for Connection org.fusesource.mqtt.client.CallbackConnection@1190b0a1.,1 sensors AWS 1-1,,true,,20,0,1,2,5,0,0
1516924333167,77,1 sensors Google,200,publish successfully for Connection org.fusesource.mqtt.client.CallbackConnection@60e432d6.,1 sensors Google 2-1,,true,,20,0,1,2,77,0,0
1516924333547,4,1 sensors AWS,200,publish successfully for Connection org.fusesource.mqtt.client.CallbackConnection@1190b0a1.,1 sensors AWS 1-1,,true,,20,0,1,2,4,0,0
1516924333768,72,1 sensors Google,200,publish successfully for Connection org.fusesource.mqtt.client.CallbackConnection@60e432d6.,1 sensors Google 2-1,,true,,20,0,1,2,72,0,0
1516924334147,6,1 sensors AWS,200,publish successfully for Connection org.fusesource.mqtt.client.CallbackConnection@1190b0a1.,1 sensors AWS 1-1,,true,,20,0,1,2,6,0,0
1516924334367,66,1 sensors Google,200,publish successfully for Connection org.fusesource.mqtt.client.CallbackConnection@60e432d6.,1 sensors Google 2-1,,true,,20,0,1,2,66,0,0
1516924334747,7,1 sensors AWS,200,publish successfully for Connection org.fusesource.mqtt.client.CallbackConnection@1190b0a1.,1 sensors AWS 1-1,,true,,20,0,1,2,7,0,0
1516924334968,69,1 sensors Google,200,publish successfully for Connection org.fusesource.mqtt.client.CallbackConnection@60e432d6.,1 sensors Google 2-1,,true,,20,0,1,2,69,0,0
1516924335348,7,1 sensors AWS,200,publish successfully for Connection org.fusesource.mqtt.client.CallbackConnection@1190b0a1.,1 sensors AWS 1-1,,true,,20,0,1,2,7,0,0
1516924335567,68,1 sensors Google,200,publish successfully for Connection org.fusesource.mqtt.client.CallbackConnection@60e432d6.,1 sensors Google 2-1,,true,,20,0,1,2,68,0,0
1516924335947,8,1 sensors AWS,200,publish successfully for Connection org.fusesource.mqtt.client.CallbackConnection@1190b0a1.,1 sensors AWS 1-1,,true,,20,0,1,2,8,0,0
1516924336167,70,1 sensors Google,200,publish successfully for Connection org.fusesource.mqtt.client.CallbackConnection@60e432d6.,1 sensors Google 2-1,,true,,20,0,1,2,70,0,0
1516924336547,7,1 sensors AWS,200,publish successfully for Connection org.fusesource.mqtt.client.CallbackConnection@1190b0a1.,1 sensors AWS 1-1,,true,,20,0,1,2,7,0,0
1516924336767,68,1 sensors Google,200,publish successfully for Connection org.fusesource.mqtt.client.CallbackConnection@60e432d6.,1 sensors Google 2-1,,true,,20,0,1,2,68,0,0
1516924337147,7,1 sensors AWS,200,publish successfully for Connection org.fusesource.mqtt.client.CallbackConnection@1190b0a1.,1 sensors AWS 1-1,,true,,20,0,1,2,7,0,0
1516924337367,69,1 sensors Google,200,publish successfully for Connection org.fusesource.mqtt.client.CallbackConnection@60e432d6.,1 sensors Google 2-1,,true,,20,0,1,2,69,0,0
1516924337747,8,1 sensors AWS,200,publish successfully for Connection org.fusesource.mqtt.client.CallbackConnection@1190b0a1.,1 sensors AWS 1-1,,true,,20,0,1,2,8,0,0
1516924337968,66,1 sensors Google,200,publish successfully for Connection org.fusesource.mqtt.client.CallbackConnection@60e432d6.,1 sensors Google 2-1,,true,,20,0,1,2,66,0,0
1516924338347,5,1 sensors AWS,200,publish successfully for Connection org.fusesource.mqtt.client.CallbackConnection@1190b0a1.,1 sensors AWS 1-1,,true,,20,0,1,2,5,0,0
1516924338567,73,1 sensors Google,200,publish successfully for Connection org.fusesource.mqtt.client.CallbackConnection@60e432d6.,1 sensors Google 2-1,,true,,20,0,1,2,73,0,0
1516924338947,12,1 sensors AWS,200,publish successfully for Connection org.fusesource.mqtt.client.CallbackConnection@1190b0a1.,1 sensors AWS 1-1,,true,,20,0,1,2,12,0,0
1516924339167,69,1 sensors Google,200,publish successfully for Connection org.fusesource.mqtt.client.CallbackConnection@60e432d6.,1 sensors Google 2-1,,true,,20,0,1,2,69,0,0
1516924339547,5,1 sensors AWS,200,publish successfully for Connection org.fusesource.mqtt.client.CallbackConnection@1190b0a1.,1 sensors AWS 1-1,,true,,20,0,1,2,5,0,0
1516924339767,69,1 sensors Google,200,publish successfully for Connection org.fusesource.mqtt.client.CallbackConnection@60e432d6.,1 sensors Google 2-1,,true,,20,0,1,2,69,0,0
1516924340147,6,1 sensors AWS,200,publish successfully for Connection org.fusesource.mqtt.client.CallbackConnection@1190b0a1.,1 sensors AWS 1-1,,true,,20,0,1,2,6,0,0
1516924340367,70,1 sensors Google,200,publish successfully for Connection org.fusesource.mqtt.client.CallbackConnection@60e432d6.,1 sensors Google 2-1,,true,,20,0,1,2,70,0,0
1516924340747,7,1 sensors AWS,200,publish successfully for Connection org.fusesource.mqtt.client.CallbackConnection@1190b0a1.,1 sensors AWS 1-1,,true,,20,0,1,2,7,0,0
1516924340967,70,1 sensors Google,200,publish successfully for Connection org.fusesource.mqtt.client.CallbackConnection@60e432d6.,1 sensors Google 2-1,,true,,20,0,1,2,70,0,0
1516924341347,7,1 sensors AWS,200,publish successfully for Connection org.fusesource.mqtt.client.CallbackConnection@1190b0a1.,1 sensors AWS 1-1,,true,,20,0,1,2,7,0,0
1516924341567,87,1 sensors Google,200,publish successfully for Connection org.fusesource.mqtt.client.CallbackConnection@60e432d6.,1 sensors Google 2-1,,true,,20,0,1,2,87,0,0
1516924341947,7,1 sensors AWS,200,publish successfully for Connection org.fusesource.mqtt.client.CallbackConnection@1190b0a1.,1 sensors AWS 1-1,,true,,20,0,1,2,7,0,0
1516924342167,70,1 sensors Google,200,publish successfully for Connection org.fusesource.mqtt.client.CallbackConnection@60e432d6.,1 sensors Google 2-1,,true,,20,0,1,2,70,0,0
1516924342547,7,1 sensors AWS,200,publish successfully for Connection org.fusesource.mqtt.client.CallbackConnection@1190b0a1.,1 sensors AWS 1-1,,true,,20,0,1,2,7,0,0
1516924342767,67,1 sensors Google,200,publish successfully for Connection org.fusesource.mqtt.client.CallbackConnection@60e432d6.,1 sensors Google 2-1,,true,,20,0,1,2,67,0,0
1516924343147,5,1 sensors AWS,200,publish successfully for Connection org.fusesource.mqtt.client.CallbackConnection@1190b0a1.,1 sensors AWS 1-1,,true,,20,0,1,2,5,0,0
1516924343368,72,1 sensors Google,200,publish successfully for Connection org.fusesource.mqtt.client.CallbackConnection@60e432d6.,1 sensors Google 2-1,,true,,20,0,1,2,72,0,0
1516924343747,5,1 sensors AWS,200,publish successfully for Connection org.fusesource.mqtt.client.CallbackConnection@1190b0a1.,1 sensors AWS 1-1,,true,,20,0,1,2,5,0,0
1516924343967,75,1 sensors Google,200,publish successfully for Connection org.fusesource.mqtt.client.CallbackConnection@60e432d6.,1 sensors Google 2-1,,true,,20,0,1,2,75,0,0
1516924344347,7,1 sensors AWS,200,publish successfully for Connection org.fusesource.mqtt.client.CallbackConnection@1190b0a1.,1 sensors AWS 1-1,,true,,20,0,1,2,7,0,0
1516924344567,72,1 sensors Google,200,publish successfully for Connection org.fusesource.mqtt.client.CallbackConnection@60e432d6.,1 sensors Google 2-1,,true,,20,0,1,2,72,0,0
1516924344947,6,1 sensors AWS,200,publish successfully for Connection org.fusesource.mqtt.client.CallbackConnection@1190b0a1.,1 sensors AWS 1-1,,true,,20,0,1,2,6,0,0
1516924345167,71,1 sensors Google,200,publish successfully for Connection org.fusesource.mqtt.client.CallbackConnection@60e432d6.,1 sensors Google 2-1,,true,,20,0,1,2,71,0,0
1516924345547,7,1 sensors AWS,200,publish successfully for Connection org.fusesource.mqtt.client.CallbackConnection@1190b0a1.,1 sensors AWS 1-1,,true,,20,0,1,2,7,0,0
1516924345767,69,1 sensors Google,200,publish successfully for Connection org.fusesource.mqtt.client.CallbackConnection@60e432d6.,1 sensors Google 2-1,,true,,20,0,1,2,69,0,0
1516924346147,5,1 sensors AWS,200,publish successfully for Connection org.fusesource.mqtt.client.CallbackConnection@1190b0a1.,1 sensors AWS 1-1,,true,,20,0,1,2,5,0,0
1516924346367,70,1 sensors Google,200,publish successfully for Connection org.fusesource.mqtt.client.CallbackConnection@60e432d6.,1 sensors Google 2-1,,true,,20,0,1,2,70,0,0
1516924346747,5,1 sensors AWS,200,publish successfully for Connection org.fusesource.mqtt.client.CallbackConnection@1190b0a1.,1 sensors AWS 1-1,,true,,20,0,1,2,5,0,0
1516924346967,68,1 sensors Google,200,publish successfully for Connection org.fusesource.mqtt.client.CallbackConnection@60e432d6.,1 sensors Google 2-1,,true,,20,0,1,2,68,0,0
1516924347348,7,1 sensors AWS,200,publish successfully for Connection org.fusesource.mqtt.client.CallbackConnection@1190b0a1.,1 sensors AWS 1-1,,true,,20,0,1,2,7,0,0
1516924347567,69,1 sensors Google,200,publish successfully for Connection org.fusesource.mqtt.client.CallbackConnection@60e432d6.,1 sensors Google 2-1,,true,,20,0,1,2,69,0,0
1516924347947,6,1 sensors AWS,200,publish successfully for Connection org.fusesource.mqtt.client.CallbackConnection@1190b0a1.,1 sensors AWS 1-1,,true,,20,0,1,2,6,0,0
1516924348167,67,1 sensors Google,200,publish successfully for Connection org.fusesource.mqtt.client.CallbackConnection@60e432d6.,1 sensors Google 2-1,,true,,20,0,1,2,67,0,0
1516924348548,7,1 sensors AWS,200,publish successfully for Connection org.fusesource.mqtt.client.CallbackConnection@1190b0a1.,1 sensors AWS 1-1,,true,,20,0,1,2,7,0,0
1516924348768,74,1 sensors Google,200,publish successfully for Connection org.fusesource.mqtt.client.CallbackConnection@60e432d6.,1 sensors Google 2-1,,true,,20,0,1,2,74,0,0
1516924349147,7,1 sensors AWS,200,publish successfully for Connection org.fusesource.mqtt.client.CallbackConnection@1190b0a1.,1 sensors AWS 1-1,,true,,20,0,1,2,7,0,0
1516924349367,68,1 sensors Google,200,publish successfully for Connection org.fusesource.mqtt.client.CallbackConnection@60e432d6.,1 sensors Google 2-1,,true,,20,0,1,2,68,0,0
1516924349747,7,1 sensors AWS,200,publish successfully for Connection org.fusesource.mqtt.client.CallbackConnection@1190b0a1.,1 sensors AWS 1-1,,true,,20,0,1,2,7,0,0
1516924349967,68,1 sensors Google,200,publish successfully for Connection org.fusesource.mqtt.client.CallbackConnection@60e432d6.,1 sensors Google 2-1,,true,,20,0,1,2,68,0,0
1516924350347,7,1 sensors AWS,200,publish successfully for Connection org.fusesource.mqtt.client.CallbackConnection@1190b0a1.,1 sensors AWS 1-1,,true,,20,0,1,2,7,0,0
1516924350567,69,1 sensors Google,200,publish successfully for Connection org.fusesource.mqtt.client.CallbackConnection@60e432d6.,1 sensors Google 2-1,,true,,20,0,1,2,69,0,0
1516924350947,4,1 sensors AWS,200,publish successfully for Connection org.fusesource.mqtt.client.CallbackConnection@1190b0a1.,1 sensors AWS 1-1,,true,,20,0,1,2,4,0,0
1516924351167,71,1 sensors Google,200,publish successfully for Connection org.fusesource.mqtt.client.CallbackConnection@60e432d6.,1 sensors Google 2-1,,true,,20,0,1,2,71,0,0
1516924351547,5,1 sensors AWS,200,publish successfully for Connection org.fusesource.mqtt.client.CallbackConnection@1190b0a1.,1 sensors AWS 1-1,,true,,20,0,1,2,5,0,0
1516924351767,68,1 sensors Google,200,publish successfully for Connection org.fusesource.mqtt.client.CallbackConnection@60e432d6.,1 sensors Google 2-1,,true,,20,0,1,2,68,0,0
1516924352147,44,1 sensors AWS,200,publish successfully for Connection org.fusesource.mqtt.client.CallbackConnection@1190b0a1.,1 sensors AWS 1-1,,true,,20,0,1,2,44,0,0
1516924352367,74,1 sensors Google,200,publish successfully for Connection org.fusesource.mqtt.client.CallbackConnection@60e432d6.,1 sensors Google 2-1,,true,,20,0,1,2,74,0,0
1516924352748,7,1 sensors AWS,200,publish successfully for Connection org.fusesource.mqtt.client.CallbackConnection@1190b0a1.,1 sensors AWS 1-1,,true,,20,0,1,2,7,0,0
1516924352967,67,1 sensors Google,200,publish successfully for Connection org.fusesource.mqtt.client.CallbackConnection@60e432d6.,1 sensors Google 2-1,,true,,20,0,1,2,67,0,0
1516924353348,7,1 sensors AWS,200,publish successfully for Connection org.fusesource.mqtt.client.CallbackConnection@1190b0a1.,1 sensors AWS 1-1,,true,,20,0,1,2,7,0,0
1516924353567,69,1 sensors Google,200,publish successfully for Connection org.fusesource.mqtt.client.CallbackConnection@60e432d6.,1 sensors Google 2-1,,true,,20,0,1,2,69,0,0
1516924353947,6,1 sensors AWS,200,publish successfully for Connection org.fusesource.mqtt.client.CallbackConnection@1190b0a1.,1 sensors AWS 1-1,,true,,20,0,1,2,6,0,0
1516924354167,73,1 sensors Google,200,publish successfully for Connection org.fusesource.mqtt.client.CallbackConnection@60e432d6.,1 sensors Google 2-1,,true,,20,0,1,2,73,0,0
1516924354547,7,1 sensors AWS,200,publish successfully for Connection org.fusesource.mqtt.client.CallbackConnection@1190b0a1.,1 sensors AWS 1-1,,true,,20,0,1,2,7,0,0
1516924354767,67,1 sensors Google,200,publish successfully for Connection org.fusesource.mqtt.client.CallbackConnection@60e432d6.,1 sensors Google 2-1,,true,,20,0,1,2,67,0,0
1516924355147,6,1 sensors AWS,200,publish successfully for Connection org.fusesource.mqtt.client.CallbackConnection@1190b0a1.,1 sensors AWS 1-1,,true,,20,0,1,2,6,0,0
1516924355368,81,1 sensors Google,200,publish successfully for Connection org.fusesource.mqtt.client.CallbackConnection@60e432d6.,1 sensors Google 2-1,,true,,20,0,1,2,81,0,0
1516924355747,5,1 sensors AWS,200,publish successfully for Connection org.fusesource.mqtt.client.CallbackConnection@1190b0a1.,1 sensors AWS 1-1,,true,,20,0,1,2,5,0,0
1516924355968,96,1 sensors Google,200,publish successfully for Connection org.fusesource.mqtt.client.CallbackConnection@60e432d6.,1 sensors Google 2-1,,true,,20,0,1,2,96,0,0
1516924356347,5,1 sensors AWS,200,publish successfully for Connection org.fusesource.mqtt.client.CallbackConnection@1190b0a1.,1 sensors AWS 1-1,,true,,20,0,1,2,5,0,0
1516924356567,73,1 sensors Google,200,publish successfully for Connection org.fusesource.mqtt.client.CallbackConnection@60e432d6.,1 sensors Google 2-1,,true,,20,0,1,2,73,0,0
1516924356947,7,1 sensors AWS,200,publish successfully for Connection org.fusesource.mqtt.client.CallbackConnection@1190b0a1.,1 sensors AWS 1-1,,true,,20,0,1,2,7,0,0
1516924357167,73,1 sensors Google,200,publish successfully for Connection org.fusesource.mqtt.client.CallbackConnection@60e432d6.,1 sensors Google 2-1,,true,,20,0,1,2,73,0,0
1516924357547,8,1 sensors AWS,200,publish successfully for Connection org.fusesource.mqtt.client.CallbackConnection@1190b0a1.,1 sensors AWS 1-1,,true,,20,0,1,2,8,0,0
1516924357767,73,1 sensors Google,200,publish successfully for Connection org.fusesource.mqtt.client.CallbackConnection@60e432d6.,1 sensors Google 2-1,,true,,20,0,1,2,73,0,0
1516924358147,4,1 sensors AWS,200,publish successfully for Connection org.fusesource.mqtt.client.CallbackConnection@1190b0a1.,1 sensors AWS 1-1,,true,,20,0,1,2,4,0,0
1516924358367,74,1 sensors Google,200,publish successfully for Connection org.fusesource.mqtt.client.CallbackConnection@60e432d6.,1 sensors Google 2-1,,true,,20,0,1,2,74,0,0
1516924358747,6,1 sensors AWS,200,publish successfully for Connection org.fusesource.mqtt.client.CallbackConnection@1190b0a1.,1 sensors AWS 1-1,,true,,20,0,1,2,6,0,0
1516924358967,75,1 sensors Google,200,publish successfully for Connection org.fusesource.mqtt.client.CallbackConnection@60e432d6.,1 sensors Google 2-1,,true,,20,0,1,2,75,0,0
1516924359348,5,1 sensors AWS,200,publish successfully for Connection org.fusesource.mqtt.client.CallbackConnection@1190b0a1.,1 sensors AWS 1-1,,true,,20,0,1,2,5,0,0
1516924359567,73,1 sensors Google,200,publish successfully for Connection org.fusesource.mqtt.client.CallbackConnection@60e432d6.,1 sensors Google 2-1,,true,,20,0,1,2,73,0,0
1516924359947,7,1 sensors AWS,200,publish successfully for Connection org.fusesource.mqtt.client.CallbackConnection@1190b0a1.,1 sensors AWS 1-1,,true,,20,0,1,2,7,0,0
1516924360167,77,1 sensors Google,200,publish successfully for Connection org.fusesource.mqtt.client.CallbackConnection@60e432d6.,1 sensors Google 2-1,,true,,20,0,1,2,77,0,0
1516924360547,8,1 sensors AWS,200,publish successfully for Connection org.fusesource.mqtt.client.CallbackConnection@1190b0a1.,1 sensors AWS 1-1,,true,,20,0,1,2,8,0,0
1516924360767,79,1 sensors Google,200,publish successfully for Connection org.fusesource.mqtt.client.CallbackConnection@60e432d6.,1 sensors Google 2-1,,true,,20,0,1,2,79,0,0
1516924361147,5,1 sensors AWS,200,publish successfully for Connection org.fusesource.mqtt.client.CallbackConnection@1190b0a1.,1 sensors AWS 1-1,,true,,20,0,1,2,5,0,0
1516924361367,74,1 sensors Google,200,publish successfully for Connection org.fusesource.mqtt.client.CallbackConnection@60e432d6.,1 sensors Google 2-1,,true,,20,0,1,2,74,0,0
1516924361748,6,1 sensors AWS,200,publish successfully for Connection org.fusesource.mqtt.client.CallbackConnection@1190b0a1.,1 sensors AWS 1-1,,true,,20,0,1,2,6,0,0
1516924361967,69,1 sensors Google,200,publish successfully for Connection org.fusesource.mqtt.client.CallbackConnection@60e432d6.,1 sensors Google 2-1,,true,,20,0,1,2,69,0,0
1516924362347,4,1 sensors AWS,200,publish successfully for Connection org.fusesource.mqtt.client.CallbackConnection@1190b0a1.,1 sensors AWS 1-1,,true,,20,0,1,2,4,0,0
1516924362567,75,1 sensors Google,200,publish successfully for Connection org.fusesource.mqtt.client.CallbackConnection@60e432d6.,1 sensors Google 2-1,,true,,20,0,1,2,75,0,0
1516924362947,6,1 sensors AWS,200,publish successfully for Connection org.fusesource.mqtt.client.CallbackConnection@1190b0a1.,1 sensors AWS 1-1,,true,,20,0,1,2,6,0,0
1516924363167,67,1 sensors Google,200,publish successfully for Connection org.fusesource.mqtt.client.CallbackConnection@60e432d6.,1 sensors Google 2-1,,true,,20,0,1,2,67,0,0
1516924363547,4,1 sensors AWS,200,publish successfully for Connection org.fusesource.mqtt.client.CallbackConnection@1190b0a1.,1 sensors AWS 1-1,,true,,20,0,1,2,4,0,0
1516924363767,72,1 sensors Google,200,publish successfully for Connection org.fusesource.mqtt.client.CallbackConnection@60e432d6.,1 sensors Google 2-1,,true,,20,0,1,2,72,0,0
1516924364147,6,1 sensors AWS,200,publish successfully for Connection org.fusesource.mqtt.client.CallbackConnection@1190b0a1.,1 sensors AWS 1-1,,true,,20,0,1,2,6,0,0
1516924364367,69,1 sensors Google,200,publish successfully for Connection org.fusesource.mqtt.client.CallbackConnection@60e432d6.,1 sensors Google 2-1,,true,,20,0,1,2,69,0,0
1516924364747,5,1 sensors AWS,200,publish successfully for Connection org.fusesource.mqtt.client.CallbackConnection@1190b0a1.,1 sensors AWS 1-1,,true,,20,0,1,2,5,0,0
1516924364967,81,1 sensors Google,200,publish successfully for Connection org.fusesource.mqtt.client.CallbackConnection@60e432d6.,1 sensors Google 2-1,,true,,20,0,1,2,81,0,0
1516924365348,7,1 sensors AWS,200,publish successfully for Connection org.fusesource.mqtt.client.CallbackConnection@1190b0a1.,1 sensors AWS 1-1,,true,,20,0,1,2,7,0,0
1516924365567,68,1 sensors Google,200,publish successfully for Connection org.fusesource.mqtt.client.CallbackConnection@60e432d6.,1 sensors Google 2-1,,true,,20,0,1,2,68,0,0
1516924365947,5,1 sensors AWS,200,publish successfully for Connection org.fusesource.mqtt.client.CallbackConnection@1190b0a1.,1 sensors AWS 1-1,,true,,20,0,1,2,5,0,0
1516924366167,68,1 sensors Google,200,publish successfully for Connection org.fusesource.mqtt.client.CallbackConnection@60e432d6.,1 sensors Google 2-1,,true,,20,0,1,2,68,0,0
1516924366547,7,1 sensors AWS,200,publish successfully for Connection org.fusesource.mqtt.client.CallbackConnection@1190b0a1.,1 sensors AWS 1-1,,true,,20,0,1,2,7,0,0
1516924366767,69,1 sensors Google,200,publish successfully for Connection org.fusesource.mqtt.client.CallbackConnection@60e432d6.,1 sensors Google 2-1,,true,,20,0,1,2,69,0,0
1516924367148,7,1 sensors AWS,200,publish successfully for Connection org.fusesource.mqtt.client.CallbackConnection@1190b0a1.,1 sensors AWS 1-1,,true,,20,0,1,2,7,0,0
1516924367367,68,1 sensors Google,200,publish successfully for Connection org.fusesource.mqtt.client.CallbackConnection@60e432d6.,1 sensors Google 2-1,,true,,20,0,1,2,68,0,0
1516924367748,6,1 sensors AWS,200,publish successfully for Connection org.fusesource.mqtt.client.CallbackConnection@1190b0a1.,1 sensors AWS 1-1,,true,,20,0,1,2,6,0,0
1516924367967,84,1 sensors Google,200,publish successfully for Connection org.fusesource.mqtt.client.CallbackConnection@60e432d6.,1 sensors Google 2-1,,true,,20,0,1,2,84,0,0
1516924368347,8,1 sensors AWS,200,publish successfully for Connection org.fusesource.mqtt.client.CallbackConnection@1190b0a1.,1 sensors AWS 1-1,,true,,20,0,1,2,8,0,0
1516924368567,68,1 sensors Google,200,publish successfully for Connection org.fusesource.mqtt.client.CallbackConnection@60e432d6.,1 sensors Google 2-1,,true,,20,0,1,2,68,0,0
1516924368947,6,1 sensors AWS,200,publish successfully for Connection org.fusesource.mqtt.client.CallbackConnection@1190b0a1.,1 sensors AWS 1-1,,true,,20,0,1,2,6,0,0
1516924369167,68,1 sensors Google,200,publish successfully for Connection org.fusesource.mqtt.client.CallbackConnection@60e432d6.,1 sensors Google 2-1,,true,,20,0,1,2,68,0,0
1516924369547,7,1 sensors AWS,200,publish successfully for Connection org.fusesource.mqtt.client.CallbackConnection@1190b0a1.,1 sensors AWS 1-1,,true,,20,0,1,2,7,0,0
1516924369767,67,1 sensors Google,200,publish successfully for Connection org.fusesource.mqtt.client.CallbackConnection@60e432d6.,1 sensors Google 2-1,,true,,20,0,1,2,67,0,0
1516924370147,7,1 sensors AWS,200,publish successfully for Connection org.fusesource.mqtt.client.CallbackConnection@1190b0a1.,1 sensors AWS 1-1,,true,,20,0,1,2,7,0,0
1516924370367,65,1 sensors Google,200,publish successfully for Connection org.fusesource.mqtt.client.CallbackConnection@60e432d6.,1 sensors Google 2-1,,true,,20,0,1,2,65,0,0
1516924370747,8,1 sensors AWS,200,publish successfully for Connection org.fusesource.mqtt.client.CallbackConnection@1190b0a1.,1 sensors AWS 1-1,,true,,20,0,1,2,8,0,0
1516924370968,69,1 sensors Google,200,publish successfully for Connection org.fusesource.mqtt.client.CallbackConnection@60e432d6.,1 sensors Google 2-1,,true,,20,0,1,2,69,0,0
1516924371347,8,1 sensors AWS,200,publish successfully for Connection org.fusesource.mqtt.client.CallbackConnection@1190b0a1.,1 sensors AWS 1-1,,true,,20,0,1,2,8,0,0
1516924371567,69,1 sensors Google,200,publish successfully for Connection org.fusesource.mqtt.client.CallbackConnection@60e432d6.,1 sensors Google 2-1,,true,,20,0,1,2,69,0,0
1516924371947,8,1 sensors AWS,200,publish successfully for Connection org.fusesource.mqtt.client.CallbackConnection@1190b0a1.,1 sensors AWS 1-1,,true,,20,0,1,2,8,0,0
1516924372167,69,1 sensors Google,200,publish successfully for Connection org.fusesource.mqtt.client.CallbackConnection@60e432d6.,1 sensors Google 2-1,,true,,20,0,1,2,69,0,0
1516924372547,6,1 sensors AWS,200,publish successfully for Connection org.fusesource.mqtt.client.CallbackConnection@1190b0a1.,1 sensors AWS 1-1,,true,,20,0,1,2,6,0,0
1516924372768,65,1 sensors Google,200,publish successfully for Connection org.fusesource.mqtt.client.CallbackConnection@60e432d6.,1 sensors Google 2-1,,true,,20,0,1,2,65,0,0
1516924373147,6,1 sensors AWS,200,publish successfully for Connection org.fusesource.mqtt.client.CallbackConnection@1190b0a1.,1 sensors AWS 1-1,,true,,20,0,1,2,6,0,0
1516924373368,65,1 sensors Google,200,publish successfully for Connection org.fusesource.mqtt.client.CallbackConnection@60e432d6.,1 sensors Google 2-1,,true,,20,0,1,2,65,0,0
1516924373747,5,1 sensors AWS,200,publish successfully for Connection org.fusesource.mqtt.client.CallbackConnection@1190b0a1.,1 sensors AWS 1-1,,true,,20,0,1,2,5,0,0
1516924373967,68,1 sensors Google,200,publish successfully for Connection org.fusesource.mqtt.client.CallbackConnection@60e432d6.,1 sensors Google 2-1,,true,,20,0,1,2,68,0,0
1516924374347,5,1 sensors AWS,200,publish successfully for Connection org.fusesource.mqtt.client.CallbackConnection@1190b0a1.,1 sensors AWS 1-1,,true,,20,0,1,2,5,0,0
1516924374567,65,1 sensors Google,200,publish successfully for Connection org.fusesource.mqtt.client.CallbackConnection@60e432d6.,1 sensors Google 2-1,,true,,20,0,1,2,65,0,0
1516924374947,7,1 sensors AWS,200,publish successfully for Connection org.fusesource.mqtt.client.CallbackConnection@1190b0a1.,1 sensors AWS 1-1,,true,,20,0,1,2,7,0,0
1516924375167,67,1 sensors Google,200,publish successfully for Connection org.fusesource.mqtt.client.CallbackConnection@60e432d6.,1 sensors Google 2-1,,true,,20,0,1,2,67,0,0
1516924375547,7,1 sensors AWS,200,publish successfully for Connection org.fusesource.mqtt.client.CallbackConnection@1190b0a1.,1 sensors AWS 1-1,,true,,20,0,1,2,7,0,0
1516924375767,70,1 sensors Google,200,publish successfully for Connection org.fusesource.mqtt.client.CallbackConnection@60e432d6.,1 sensors Google 2-1,,true,,20,0,1,2,70,0,0
1516924376148,6,1 sensors AWS,200,publish successfully for Connection org.fusesource.mqtt.client.CallbackConnection@1190b0a1.,1 sensors AWS 1-1,,true,,20,0,1,2,6,0,0
1516924376367,70,1 sensors Google,200,publish successfully for Connection org.fusesource.mqtt.client.CallbackConnection@60e432d6.,1 sensors Google 2-1,,true,,20,0,1,2,70,0,0
1516924376747,6,1 sensors AWS,200,publish successfully for Connection org.fusesource.mqtt.client.CallbackConnection@1190b0a1.,1 sensors AWS 1-1,,true,,20,0,1,2,6,0,0
1516924376967,70,1 sensors Google,200,publish successfully for Connection org.fusesource.mqtt.client.CallbackConnection@60e432d6.,1 sensors Google 2-1,,true,,20,0,1,2,70,0,0
1516924377347,5,1 sensors AWS,200,publish successfully for Connection org.fusesource.mqtt.client.CallbackConnection@1190b0a1.,1 sensors AWS 1-1,,true,,20,0,1,2,5,0,0
1516924377567,66,1 sensors Google,200,publish successfully for Connection org.fusesource.mqtt.client.CallbackConnection@60e432d6.,1 sensors Google 2-1,,true,,20,0,1,2,66,0,0
1516924377947,4,1 sensors AWS,200,publish successfully for Connection org.fusesource.mqtt.client.CallbackConnection@1190b0a1.,1 sensors AWS 1-1,,true,,20,0,1,2,4,0,0
1516924378168,63,1 sensors Google,200,publish successfully for Connection org.fusesource.mqtt.client.CallbackConnection@60e432d6.,1 sensors Google 2-1,,true,,20,0,1,2,63,0,0
1516924378547,5,1 sensors AWS,200,publish successfully for Connection org.fusesource.mqtt.client.CallbackConnection@1190b0a1.,1 sensors AWS 1-1,,true,,20,0,1,2,5,0,0
1516924378767,65,1 sensors Google,200,publish successfully for Connection org.fusesource.mqtt.client.CallbackConnection@60e432d6.,1 sensors Google 2-1,,true,,20,0,1,2,65,0,0
1516924379147,6,1 sensors AWS,200,publish successfully for Connection org.fusesource.mqtt.client.CallbackConnection@1190b0a1.,1 sensors AWS 1-1,,true,,20,0,1,2,6,0,0
1516924379367,62,1 sensors Google,200,publish successfully for Connection org.fusesource.mqtt.client.CallbackConnection@60e432d6.,1 sensors Google 2-1,,true,,20,0,1,2,62,0,0
1516924379748,4,1 sensors AWS,200,publish successfully for Connection org.fusesource.mqtt.client.CallbackConnection@1190b0a1.,1 sensors AWS 1-1,,true,,20,0,1,2,4,0,0
1516924379967,67,1 sensors Google,200,publish successfully for Connection org.fusesource.mqtt.client.CallbackConnection@60e432d6.,1 sensors Google 2-1,,true,,20,0,1,2,67,0,0
1516924380347,8,1 sensors AWS,200,publish successfully for Connection org.fusesource.mqtt.client.CallbackConnection@1190b0a1.,1 sensors AWS 1-1,,true,,20,0,1,2,8,0,0
1516924380567,64,1 sensors Google,200,publish successfully for Connection org.fusesource.mqtt.client.CallbackConnection@60e432d6.,1 sensors Google 2-1,,true,,20,0,1,2,64,0,0
1516924380947,6,1 sensors AWS,200,publish successfully for Connection org.fusesource.mqtt.client.CallbackConnection@1190b0a1.,1 sensors AWS 1-1,,true,,20,0,1,2,6,0,0
1516924381167,65,1 sensors Google,200,publish successfully for Connection org.fusesource.mqtt.client.CallbackConnection@60e432d6.,1 sensors Google 2-1,,true,,20,0,1,2,65,0,0
1516924381547,7,1 sensors AWS,200,publish successfully for Connection org.fusesource.mqtt.client.CallbackConnection@1190b0a1.,1 sensors AWS 1-1,,true,,20,0,1,2,7,0,0
1516924381767,68,1 sensors Google,200,publish successfully for Connection org.fusesource.mqtt.client.CallbackConnection@60e432d6.,1 sensors Google 2-1,,true,,20,0,1,2,68,0,0
1516924382148,5,1 sensors AWS,200,publish successfully for Connection org.fusesource.mqtt.client.CallbackConnection@1190b0a1.,1 sensors AWS 1-1,,true,,20,0,1,2,5,0,0
1516924382367,65,1 sensors Google,200,publish successfully for Connection org.fusesource.mqtt.client.CallbackConnection@60e432d6.,1 sensors Google 2-1,,true,,20,0,1,2,65,0,0
1516924382747,7,1 sensors AWS,200,publish successfully for Connection org.fusesource.mqtt.client.CallbackConnection@1190b0a1.,1 sensors AWS 1-1,,true,,20,0,1,2,7,0,0
1516924382967,69,1 sensors Google,200,publish successfully for Connection org.fusesource.mqtt.client.CallbackConnection@60e432d6.,1 sensors Google 2-1,,true,,20,0,1,2,69,0,0
1516924383347,5,1 sensors AWS,200,publish successfully for Connection org.fusesource.mqtt.client.CallbackConnection@1190b0a1.,1 sensors AWS 1-1,,true,,20,0,1,2,5,0,0
1516924383567,69,1 sensors Google,200,publish successfully for Connection org.fusesource.mqtt.client.CallbackConnection@60e432d6.,1 sensors Google 2-1,,true,,20,0,1,2,69,0,0
1516924383947,38,1 sensors AWS,200,publish successfully for Connection org.fusesource.mqtt.client.CallbackConnection@1190b0a1.,1 sensors AWS 1-1,,true,,20,0,1,2,38,0,0
1516924384167,67,1 sensors Google,200,publish successfully for Connection org.fusesource.mqtt.client.CallbackConnection@60e432d6.,1 sensors Google 2-1,,true,,20,0,1,2,67,0,0
1516924384547,5,1 sensors AWS,200,publish successfully for Connection org.fusesource.mqtt.client.CallbackConnection@1190b0a1.,1 sensors AWS 1-1,,true,,20,0,1,2,5,0,0
1516924384767,67,1 sensors Google,200,publish successfully for Connection org.fusesource.mqtt.client.CallbackConnection@60e432d6.,1 sensors Google 2-1,,true,,20,0,1,2,67,0,0
1516924385147,4,1 sensors AWS,200,publish successfully for Connection org.fusesource.mqtt.client.CallbackConnection@1190b0a1.,1 sensors AWS 1-1,,true,,20,0,1,2,4,0,0
1516924385367,67,1 sensors Google,200,publish successfully for Connection org.fusesource.mqtt.client.CallbackConnection@60e432d6.,1 sensors Google 2-1,,true,,20,0,1,2,67,0,0
1516924385747,7,1 sensors AWS,200,publish successfully for Connection org.fusesource.mqtt.client.CallbackConnection@1190b0a1.,1 sensors AWS 1-1,,true,,20,0,1,2,7,0,0
1516924385967,71,1 sensors Google,200,publish successfully for Connection org.fusesource.mqtt.client.CallbackConnection@60e432d6.,1 sensors Google 2-1,,true,,20,0,1,2,71,0,0
1516924386347,7,1 sensors AWS,200,publish successfully for Connection org.fusesource.mqtt.client.CallbackConnection@1190b0a1.,1 sensors AWS 1-1,,true,,20,0,1,2,7,0,0
1516924386567,63,1 sensors Google,200,publish successfully for Connection org.fusesource.mqtt.client.CallbackConnection@60e432d6.,1 sensors Google 2-1,,true,,20,0,1,2,63,0,0
1516924386947,7,1 sensors AWS,200,publish successfully for Connection org.fusesource.mqtt.client.CallbackConnection@1190b0a1.,1 sensors AWS 1-1,,true,,20,0,1,2,7,0,0
1516924387168,68,1 sensors Google,200,publish successfully for Connection org.fusesource.mqtt.client.CallbackConnection@60e432d6.,1 sensors Google 2-1,,true,,20,0,1,2,68,0,0
1516924387547,7,1 sensors AWS,200,publish successfully for Connection org.fusesource.mqtt.client.CallbackConnection@1190b0a1.,1 sensors AWS 1-1,,true,,20,0,1,2,7,0,0
1516924387768,64,1 sensors Google,200,publish successfully for Connection org.fusesource.mqtt.client.CallbackConnection@60e432d6.,1 sensors Google 2-1,,true,,20,0,1,2,64,0,0
1516924388147,5,1 sensors AWS,200,publish successfully for Connection org.fusesource.mqtt.client.CallbackConnection@1190b0a1.,1 sensors AWS 1-1,,true,,20,0,1,2,5,0,0
1516924388367,71,1 sensors Google,200,publish successfully for Connection org.fusesource.mqtt.client.CallbackConnection@60e432d6.,1 sensors Google 2-1,,true,,20,0,1,2,71,0,0
1516924388747,4,1 sensors AWS,200,publish successfully for Connection org.fusesource.mqtt.client.CallbackConnection@1190b0a1.,1 sensors AWS 1-1,,true,,20,0,1,2,4,0,0
1516924388968,66,1 sensors Google,200,publish successfully for Connection org.fusesource.mqtt.client.CallbackConnection@60e432d6.,1 sensors Google 2-1,,true,,20,0,1,2,66,0,0
1516924389347,6,1 sensors AWS,200,publish successfully for Connection org.fusesource.mqtt.client.CallbackConnection@1190b0a1.,1 sensors AWS 1-1,,true,,20,0,1,2,6,0,0
1516924389567,69,1 sensors Google,200,publish successfully for Connection org.fusesource.mqtt.client.CallbackConnection@60e432d6.,1 sensors Google 2-1,,true,,20,0,1,2,69,0,0
1516924389947,8,1 sensors AWS,200,publish successfully for Connection org.fusesource.mqtt.client.CallbackConnection@1190b0a1.,1 sensors AWS 1-1,,true,,20,0,1,2,8,0,0
1516924390167,67,1 sensors Google,200,publish successfully for Connection org.fusesource.mqtt.client.CallbackConnection@60e432d6.,1 sensors Google 2-1,,true,,20,0,1,2,67,0,0
1516924390547,7,1 sensors AWS,200,publish successfully for Connection org.fusesource.mqtt.client.CallbackConnection@1190b0a1.,1 sensors AWS 1-1,,true,,20,0,1,2,7,0,0
1516924390767,68,1 sensors Google,200,publish successfully for Connection org.fusesource.mqtt.client.CallbackConnection@60e432d6.,1 sensors Google 2-1,,true,,20,0,1,2,68,0,0
1516924391147,5,1 sensors AWS,200,publish successfully for Connection org.fusesource.mqtt.client.CallbackConnection@1190b0a1.,1 sensors AWS 1-1,,true,,20,0,1,2,5,0,0
1516924391367,70,1 sensors Google,200,publish successfully for Connection org.fusesource.mqtt.client.CallbackConnection@60e432d6.,1 sensors Google 2-1,,true,,20,0,1,2,70,0,0
1516924391748,6,1 sensors AWS,200,publish successfully for Connection org.fusesource.mqtt.client.CallbackConnection@1190b0a1.,1 sensors AWS 1-1,,true,,20,0,1,2,6,0,0
1516924391967,64,1 sensors Google,200,publish successfully for Connection org.fusesource.mqtt.client.CallbackConnection@60e432d6.,1 sensors Google 2-1,,true,,20,0,1,2,64,0,0
1516924392347,7,1 sensors AWS,200,publish successfully for Connection org.fusesource.mqtt.client.CallbackConnection@1190b0a1.,1 sensors AWS 1-1,,true,,20,0,1,2,7,0,0
1516924392568,64,1 sensors Google,200,publish successfully for Connection org.fusesource.mqtt.client.CallbackConnection@60e432d6.,1 sensors Google 2-1,,true,,20,0,1,2,64,0,0
1516924392947,4,1 sensors AWS,200,publish successfully for Connection org.fusesource.mqtt.client.CallbackConnection@1190b0a1.,1 sensors AWS 1-1,,true,,20,0,1,2,4,0,0
1516924393168,74,1 sensors Google,200,publish successfully for Connection org.fusesource.mqtt.client.CallbackConnection@60e432d6.,1 sensors Google 2-1,,true,,20,0,1,2,74,0,0
1516924393547,7,1 sensors AWS,200,publish successfully for Connection org.fusesource.mqtt.client.CallbackConnection@1190b0a1.,1 sensors AWS 1-1,,true,,20,0,1,2,7,0,0
1516924393768,67,1 sensors Google,200,publish successfully for Connection org.fusesource.mqtt.client.CallbackConnection@60e432d6.,1 sensors Google 2-1,,true,,20,0,1,2,67,0,0
1516924394147,7,1 sensors AWS,200,publish successfully for Connection org.fusesource.mqtt.client.CallbackConnection@1190b0a1.,1 sensors AWS 1-1,,true,,20,0,1,2,7,0,0
1516924394367,64,1 sensors Google,200,publish successfully for Connection org.fusesource.mqtt.client.CallbackConnection@60e432d6.,1 sensors Google 2-1,,true,,20,0,1,2,64,0,0
1516924394747,7,1 sensors AWS,200,publish successfully for Connection org.fusesource.mqtt.client.CallbackConnection@1190b0a1.,1 sensors AWS 1-1,,true,,20,0,1,2,7,0,0
1516924394967,67,1 sensors Google,200,publish successfully for Connection org.fusesource.mqtt.client.CallbackConnection@60e432d6.,1 sensors Google 2-1,,true,,20,0,1,2,67,0,0
1516924395347,5,1 sensors AWS,200,publish successfully for Connection org.fusesource.mqtt.client.CallbackConnection@1190b0a1.,1 sensors AWS 1-1,,true,,20,0,1,2,5,0,0
1516924395568,68,1 sensors Google,200,publish successfully for Connection org.fusesource.mqtt.client.CallbackConnection@60e432d6.,1 sensors Google 2-1,,true,,20,0,1,2,68,0,0
1516924395947,7,1 sensors AWS,200,publish successfully for Connection org.fusesource.mqtt.client.CallbackConnection@1190b0a1.,1 sensors AWS 1-1,,true,,20,0,1,2,7,0,0
1516924396167,67,1 sensors Google,200,publish successfully for Connection org.fusesource.mqtt.client.CallbackConnection@60e432d6.,1 sensors Google 2-1,,true,,20,0,1,2,67,0,0
1516924396547,4,1 sensors AWS,200,publish successfully for Connection org.fusesource.mqtt.client.CallbackConnection@1190b0a1.,1 sensors AWS 1-1,,true,,20,0,1,2,4,0,0
1516924396767,64,1 sensors Google,200,publish successfully for Connection org.fusesource.mqtt.client.CallbackConnection@60e432d6.,1 sensors Google 2-1,,true,,20,0,1,2,64,0,0
1516924397147,5,1 sensors AWS,200,publish successfully for Connection org.fusesource.mqtt.client.CallbackConnection@1190b0a1.,1 sensors AWS 1-1,,true,,20,0,1,2,5,0,0
1516924397367,68,1 sensors Google,200,publish successfully for Connection org.fusesource.mqtt.client.CallbackConnection@60e432d6.,1 sensors Google 2-1,,true,,20,0,1,2,68,0,0
1516924397747,6,1 sensors AWS,200,publish successfully for Connection org.fusesource.mqtt.client.CallbackConnection@1190b0a1.,1 sensors AWS 1-1,,true,,20,0,1,2,6,0,0
1516924397967,68,1 sensors Google,200,publish successfully for Connection org.fusesource.mqtt.client.CallbackConnection@60e432d6.,1 sensors Google 2-1,,true,,20,0,1,2,68,0,0
1516924398347,4,1 sensors AWS,200,publish successfully for Connection org.fusesource.mqtt.client.CallbackConnection@1190b0a1.,1 sensors AWS 1-1,,true,,20,0,1,2,4,0,0
1516924398567,79,1 sensors Google,200,publish successfully for Connection org.fusesource.mqtt.client.CallbackConnection@60e432d6.,1 sensors Google 2-1,,true,,20,0,1,2,79,0,0
1516924398947,7,1 sensors AWS,200,publish successfully for Connection org.fusesource.mqtt.client.CallbackConnection@1190b0a1.,1 sensors AWS 1-1,,true,,20,0,1,2,7,0,0
1516924399167,78,1 sensors Google,200,publish successfully for Connection org.fusesource.mqtt.client.CallbackConnection@60e432d6.,1 sensors Google 2-1,,true,,20,0,1,2,78,0,0
1516924399547,5,1 sensors AWS,200,publish successfully for Connection org.fusesource.mqtt.client.CallbackConnection@1190b0a1.,1 sensors AWS 1-1,,true,,20,0,1,2,5,0,0
1516924399767,67,1 sensors Google,200,publish successfully for Connection org.fusesource.mqtt.client.CallbackConnection@60e432d6.,1 sensors Google 2-1,,true,,20,0,1,2,67,0,0
1516924400147,5,1 sensors AWS,200,publish successfully for Connection org.fusesource.mqtt.client.CallbackConnection@1190b0a1.,1 sensors AWS 1-1,,true,,20,0,1,2,5,0,0
1516924400367,75,1 sensors Google,200,publish successfully for Connection org.fusesource.mqtt.client.CallbackConnection@60e432d6.,1 sensors Google 2-1,,true,,20,0,1,2,75,0,0
1516924400747,4,1 sensors AWS,200,publish successfully for Connection org.fusesource.mqtt.client.CallbackConnection@1190b0a1.,1 sensors AWS 1-1,,true,,20,0,1,2,4,0,0
1516924400967,67,1 sensors Google,200,publish successfully for Connection org.fusesource.mqtt.client.CallbackConnection@60e432d6.,1 sensors Google 2-1,,true,,20,0,1,2,67,0,0
1516924401347,6,1 sensors AWS,200,publish successfully for Connection org.fusesource.mqtt.client.CallbackConnection@1190b0a1.,1 sensors AWS 1-1,,true,,20,0,1,2,6,0,0
1516924401567,65,1 sensors Google,200,publish successfully for Connection org.fusesource.mqtt.client.CallbackConnection@60e432d6.,1 sensors Google 2-1,,true,,20,0,1,2,65,0,0
1516924401947,7,1 sensors AWS,200,publish successfully for Connection org.fusesource.mqtt.client.CallbackConnection@1190b0a1.,1 sensors AWS 1-1,,true,,20,0,1,2,7,0,0
1516924402167,67,1 sensors Google,200,publish successfully for Connection org.fusesource.mqtt.client.CallbackConnection@60e432d6.,1 sensors Google 2-1,,true,,20,0,1,2,67,0,0
1516924402547,5,1 sensors AWS,200,publish successfully for Connection org.fusesource.mqtt.client.CallbackConnection@1190b0a1.,1 sensors AWS 1-1,,true,,20,0,1,2,5,0,0
1516924402767,65,1 sensors Google,200,publish successfully for Connection org.fusesource.mqtt.client.CallbackConnection@60e432d6.,1 sensors Google 2-1,,true,,20,0,1,2,65,0,0
1516924403147,7,1 sensors AWS,200,publish successfully for Connection org.fusesource.mqtt.client.CallbackConnection@1190b0a1.,1 sensors AWS 1-1,,true,,20,0,1,2,7,0,0
1516924403367,65,1 sensors Google,200,publish successfully for Connection org.fusesource.mqtt.client.CallbackConnection@60e432d6.,1 sensors Google 2-1,,true,,20,0,1,2,65,0,0
1516924403747,5,1 sensors AWS,200,publish successfully for Connection org.fusesource.mqtt.client.CallbackConnection@1190b0a1.,1 sensors AWS 1-1,,true,,20,0,1,2,5,0,0
1516924403967,67,1 sensors Google,200,publish successfully for Connection org.fusesource.mqtt.client.CallbackConnection@60e432d6.,1 sensors Google 2-1,,true,,20,0,1,2,67,0,0
1516924404347,6,1 sensors AWS,200,publish successfully for Connection org.fusesource.mqtt.client.CallbackConnection@1190b0a1.,1 sensors AWS 1-1,,true,,20,0,1,2,6,0,0
1516924404567,66,1 sensors Google,200,publish successfully for Connection org.fusesource.mqtt.client.CallbackConnection@60e432d6.,1 sensors Google 2-1,,true,,20,0,1,2,66,0,0
1516924404947,5,1 sensors AWS,200,publish successfully for Connection org.fusesource.mqtt.client.CallbackConnection@1190b0a1.,1 sensors AWS 1-1,,true,,20,0,1,2,5,0,0
1516924405167,66,1 sensors Google,200,publish successfully for Connection org.fusesource.mqtt.client.CallbackConnection@60e432d6.,1 sensors Google 2-1,,true,,20,0,1,2,66,0,0
1516924405547,6,1 sensors AWS,200,publish successfully for Connection org.fusesource.mqtt.client.CallbackConnection@1190b0a1.,1 sensors AWS 1-1,,true,,20,0,1,2,6,0,0
1516924405767,67,1 sensors Google,200,publish successfully for Connection org.fusesource.mqtt.client.CallbackConnection@60e432d6.,1 sensors Google 2-1,,true,,20,0,1,2,67,0,0
1516924406147,7,1 sensors AWS,200,publish successfully for Connection org.fusesource.mqtt.client.CallbackConnection@1190b0a1.,1 sensors AWS 1-1,,true,,20,0,1,2,7,0,0
1516924406367,68,1 sensors Google,200,publish successfully for Connection org.fusesource.mqtt.client.CallbackConnection@60e432d6.,1 sensors Google 2-1,,true,,20,0,1,2,68,0,0
1516924406747,4,1 sensors AWS,200,publish successfully for Connection org.fusesource.mqtt.client.CallbackConnection@1190b0a1.,1 sensors AWS 1-1,,true,,20,0,1,2,4,0,0
1516924406967,69,1 sensors Google,200,publish successfully for Connection org.fusesource.mqtt.client.CallbackConnection@60e432d6.,1 sensors Google 2-1,,true,,20,0,1,2,69,0,0
1516924407347,4,1 sensors AWS,200,publish successfully for Connection org.fusesource.mqtt.client.CallbackConnection@1190b0a1.,1 sensors AWS 1-1,,true,,20,0,1,2,4,0,0
1516924407567,70,1 sensors Google,200,publish successfully for Connection org.fusesource.mqtt.client.CallbackConnection@60e432d6.,1 sensors Google 2-1,,true,,20,0,1,2,70,0,0
1516924407947,8,1 sensors AWS,200,publish successfully for Connection org.fusesource.mqtt.client.CallbackConnection@1190b0a1.,1 sensors AWS 1-1,,true,,20,0,1,2,8,0,0
1516924408167,65,1 sensors Google,200,publish successfully for Connection org.fusesource.mqtt.client.CallbackConnection@60e432d6.,1 sensors Google 2-1,,true,,20,0,1,2,65,0,0
1516924408547,7,1 sensors AWS,200,publish successfully for Connection org.fusesource.mqtt.client.CallbackConnection@1190b0a1.,1 sensors AWS 1-1,,true,,20,0,1,2,7,0,0
1516924408767,70,1 sensors Google,200,publish successfully for Connection org.fusesource.mqtt.client.CallbackConnection@60e432d6.,1 sensors Google 2-1,,true,,20,0,1,2,70,0,0
1516924409147,4,1 sensors AWS,200,publish successfully for Connection org.fusesource.mqtt.client.CallbackConnection@1190b0a1.,1 sensors AWS 1-1,,true,,20,0,1,2,4,0,0
1516924409367,68,1 sensors Google,200,publish successfully for Connection org.fusesource.mqtt.client.CallbackConnection@60e432d6.,1 sensors Google 2-1,,true,,20,0,1,2,68,0,0
1516924409747,6,1 sensors AWS,200,publish successfully for Connection org.fusesource.mqtt.client.CallbackConnection@1190b0a1.,1 sensors AWS 1-1,,true,,20,0,1,2,6,0,0
1516924409967,69,1 sensors Google,200,publish successfully for Connection org.fusesource.mqtt.client.CallbackConnection@60e432d6.,1 sensors Google 2-1,,true,,20,0,1,2,69,0,0
1516924410348,5,1 sensors AWS,200,publish successfully for Connection org.fusesource.mqtt.client.CallbackConnection@1190b0a1.,1 sensors AWS 1-1,,true,,20,0,1,2,5,0,0
1516924410567,67,1 sensors Google,200,publish successfully for Connection org.fusesource.mqtt.client.CallbackConnection@60e432d6.,1 sensors Google 2-1,,true,,20,0,1,2,67,0,0
1516924410948,6,1 sensors AWS,200,publish successfully for Connection org.fusesource.mqtt.client.CallbackConnection@1190b0a1.,1 sensors AWS 1-1,,true,,20,0,1,2,6,0,0
1516924411167,67,1 sensors Google,200,publish successfully for Connection org.fusesource.mqtt.client.CallbackConnection@60e432d6.,1 sensors Google 2-1,,true,,20,0,1,2,67,0,0
1516924411547,7,1 sensors AWS,200,publish successfully for Connection org.fusesource.mqtt.client.CallbackConnection@1190b0a1.,1 sensors AWS 1-1,,true,,20,0,1,2,7,0,0
1516924411767,66,1 sensors Google,200,publish successfully for Connection org.fusesource.mqtt.client.CallbackConnection@60e432d6.,1 sensors Google 2-1,,true,,20,0,1,2,66,0,0
1516924412147,4,1 sensors AWS,200,publish successfully for Connection org.fusesource.mqtt.client.CallbackConnection@1190b0a1.,1 sensors AWS 1-1,,true,,20,0,1,2,4,0,0
1516924412368,70,1 sensors Google,200,publish successfully for Connection org.fusesource.mqtt.client.CallbackConnection@60e432d6.,1 sensors Google 2-1,,true,,20,0,1,2,70,0,0
1516924412747,9,1 sensors AWS,200,publish successfully for Connection org.fusesource.mqtt.client.CallbackConnection@1190b0a1.,1 sensors AWS 1-1,,true,,20,0,1,2,9,0,0
1516924412967,65,1 sensors Google,200,publish successfully for Connection org.fusesource.mqtt.client.CallbackConnection@60e432d6.,1 sensors Google 2-1,,true,,20,0,1,2,65,0,0
1516924413347,4,1 sensors AWS,200,publish successfully for Connection org.fusesource.mqtt.client.CallbackConnection@1190b0a1.,1 sensors AWS 1-1,,true,,20,0,1,2,4,0,0
1516924413567,64,1 sensors Google,200,publish successfully for Connection org.fusesource.mqtt.client.CallbackConnection@60e432d6.,1 sensors Google 2-1,,true,,20,0,1,2,64,0,0
1516924413947,5,1 sensors AWS,200,publish successfully for Connection org.fusesource.mqtt.client.CallbackConnection@1190b0a1.,1 sensors AWS 1-1,,true,,20,0,1,2,5,0,0
1516924414167,69,1 sensors Google,200,publish successfully for Connection org.fusesource.mqtt.client.CallbackConnection@60e432d6.,1 sensors Google 2-1,,true,,20,0,1,2,69,0,0
1516924414547,5,1 sensors AWS,200,publish successfully for Connection org.fusesource.mqtt.client.CallbackConnection@1190b0a1.,1 sensors AWS 1-1,,true,,20,0,1,2,5,0,0
1516924414767,65,1 sensors Google,200,publish successfully for Connection org.fusesource.mqtt.client.CallbackConnection@60e432d6.,1 sensors Google 2-1,,true,,20,0,1,2,65,0,0
1516924415147,19,1 sensors AWS,200,publish successfully for Connection org.fusesource.mqtt.client.CallbackConnection@1190b0a1.,1 sensors AWS 1-1,,true,,20,0,1,2,19,0,0
1516924415367,65,1 sensors Google,200,publish successfully for Connection org.fusesource.mqtt.client.CallbackConnection@60e432d6.,1 sensors Google 2-1,,true,,20,0,1,2,65,0,0
1516924415747,5,1 sensors AWS,200,publish successfully for Connection org.fusesource.mqtt.client.CallbackConnection@1190b0a1.,1 sensors AWS 1-1,,true,,20,0,1,2,5,0,0
1516924415967,67,1 sensors Google,200,publish successfully for Connection org.fusesource.mqtt.client.CallbackConnection@60e432d6.,1 sensors Google 2-1,,true,,20,0,1,2,67,0,0
1516924416348,7,1 sensors AWS,200,publish successfully for Connection org.fusesource.mqtt.client.CallbackConnection@1190b0a1.,1 sensors AWS 1-1,,true,,20,0,1,2,7,0,0
1516924416567,65,1 sensors Google,200,publish successfully for Connection org.fusesource.mqtt.client.CallbackConnection@60e432d6.,1 sensors Google 2-1,,true,,20,0,1,2,65,0,0
1516924416947,7,1 sensors AWS,200,publish successfully for Connection org.fusesource.mqtt.client.CallbackConnection@1190b0a1.,1 sensors AWS 1-1,,true,,20,0,1,2,7,0,0
1516924417167,67,1 sensors Google,200,publish successfully for Connection org.fusesource.mqtt.client.CallbackConnection@60e432d6.,1 sensors Google 2-1,,true,,20,0,1,2,67,0,0
1516924417548,6,1 sensors AWS,200,publish successfully for Connection org.fusesource.mqtt.client.CallbackConnection@1190b0a1.,1 sensors AWS 1-1,,true,,20,0,1,2,6,0,0
1516924417768,67,1 sensors Google,200,publish successfully for Connection org.fusesource.mqtt.client.CallbackConnection@60e432d6.,1 sensors Google 2-1,,true,,20,0,1,2,67,0,0
1516924418147,5,1 sensors AWS,200,publish successfully for Connection org.fusesource.mqtt.client.CallbackConnection@1190b0a1.,1 sensors AWS 1-1,,true,,20,0,1,2,5,0,0
1516924418367,65,1 sensors Google,200,publish successfully for Connection org.fusesource.mqtt.client.CallbackConnection@60e432d6.,1 sensors Google 2-1,,true,,20,0,1,2,65,0,0
1516924418747,6,1 sensors AWS,200,publish successfully for Connection org.fusesource.mqtt.client.CallbackConnection@1190b0a1.,1 sensors AWS 1-1,,true,,20,0,1,2,6,0,0
1516924418967,66,1 sensors Google,200,publish successfully for Connection org.fusesource.mqtt.client.CallbackConnection@60e432d6.,1 sensors Google 2-1,,true,,20,0,1,2,66,0,0
1516924419348,4,1 sensors AWS,200,publish successfully for Connection org.fusesource.mqtt.client.CallbackConnection@1190b0a1.,1 sensors AWS 1-1,,true,,20,0,1,2,4,0,0
1516924419567,68,1 sensors Google,200,publish successfully for Connection org.fusesource.mqtt.client.CallbackConnection@60e432d6.,1 sensors Google 2-1,,true,,20,0,1,2,68,0,0
1516924419947,7,1 sensors AWS,200,publish successfully for Connection org.fusesource.mqtt.client.CallbackConnection@1190b0a1.,1 sensors AWS 1-1,,true,,20,0,1,2,7,0,0
1516924420167,66,1 sensors Google,200,publish successfully for Connection org.fusesource.mqtt.client.CallbackConnection@60e432d6.,1 sensors Google 2-1,,true,,20,0,1,2,66,0,0
1516924420548,6,1 sensors AWS,200,publish successfully for Connection org.fusesource.mqtt.client.CallbackConnection@1190b0a1.,1 sensors AWS 1-1,,true,,20,0,1,2,6,0,0
1516924420767,64,1 sensors Google,200,publish successfully for Connection org.fusesource.mqtt.client.CallbackConnection@60e432d6.,1 sensors Google 2-1,,true,,20,0,1,2,64,0,0
1516924421147,5,1 sensors AWS,200,publish successfully for Connection org.fusesource.mqtt.client.CallbackConnection@1190b0a1.,1 sensors AWS 1-1,,true,,20,0,1,2,5,0,0
1516924421367,71,1 sensors Google,200,publish successfully for Connection org.fusesource.mqtt.client.CallbackConnection@60e432d6.,1 sensors Google 2-1,,true,,20,0,1,2,71,0,0
1516924421747,4,1 sensors AWS,200,publish successfully for Connection org.fusesource.mqtt.client.CallbackConnection@1190b0a1.,1 sensors AWS 1-1,,true,,20,0,1,2,4,0,0
1516924421968,67,1 sensors Google,200,publish successfully for Connection org.fusesource.mqtt.client.CallbackConnection@60e432d6.,1 sensors Google 2-1,,true,,20,0,1,2,67,0,0
1516924422347,3,1 sensors AWS,200,publish successfully for Connection org.fusesource.mqtt.client.CallbackConnection@1190b0a1.,1 sensors AWS 1-1,,true,,20,0,1,2,3,0,0
1516924422567,66,1 sensors Google,200,publish successfully for Connection org.fusesource.mqtt.client.CallbackConnection@60e432d6.,1 sensors Google 2-1,,true,,20,0,1,2,66,0,0
1516924422947,7,1 sensors AWS,200,publish successfully for Connection org.fusesource.mqtt.client.CallbackConnection@1190b0a1.,1 sensors AWS 1-1,,true,,20,0,1,2,7,0,0
1516924423167,69,1 sensors Google,200,publish successfully for Connection org.fusesource.mqtt.client.CallbackConnection@60e432d6.,1 sensors Google 2-1,,true,,20,0,1,2,69,0,0
1516924423547,6,1 sensors AWS,200,publish successfully for Connection org.fusesource.mqtt.client.CallbackConnection@1190b0a1.,1 sensors AWS 1-1,,true,,20,0,1,2,6,0,0
1516924423767,67,1 sensors Google,200,publish successfully for Connection org.fusesource.mqtt.client.CallbackConnection@60e432d6.,1 sensors Google 2-1,,true,,20,0,1,2,67,0,0
1516924424148,5,1 sensors AWS,200,publish successfully for Connection org.fusesource.mqtt.client.CallbackConnection@1190b0a1.,1 sensors AWS 1-1,,true,,20,0,1,2,5,0,0
1516924424367,68,1 sensors Google,200,publish successfully for Connection org.fusesource.mqtt.client.CallbackConnection@60e432d6.,1 sensors Google 2-1,,true,,20,0,1,2,68,0,0
1516924424747,7,1 sensors AWS,200,publish successfully for Connection org.fusesource.mqtt.client.CallbackConnection@1190b0a1.,1 sensors AWS 1-1,,true,,20,0,1,2,7,0,0
1516924424967,70,1 sensors Google,200,publish successfully for Connection org.fusesource.mqtt.client.CallbackConnection@60e432d6.,1 sensors Google 2-1,,true,,20,0,1,2,70,0,0
1516924425347,6,1 sensors AWS,200,publish successfully for Connection org.fusesource.mqtt.client.CallbackConnection@1190b0a1.,1 sensors AWS 1-1,,true,,20,0,1,2,6,0,0
1516924425567,67,1 sensors Google,200,publish successfully for Connection org.fusesource.mqtt.client.CallbackConnection@60e432d6.,1 sensors Google 2-1,,true,,20,0,1,2,67,0,0
1516924425947,6,1 sensors AWS,200,publish successfully for Connection org.fusesource.mqtt.client.CallbackConnection@1190b0a1.,1 sensors AWS 1-1,,true,,20,0,1,2,6,0,0
1516924426168,65,1 sensors Google,200,publish successfully for Connection org.fusesource.mqtt.client.CallbackConnection@60e432d6.,1 sensors Google 2-1,,true,,20,0,1,2,65,0,0
1516924426548,6,1 sensors AWS,200,publish successfully for Connection org.fusesource.mqtt.client.CallbackConnection@1190b0a1.,1 sensors AWS 1-1,,true,,20,0,1,2,6,0,0
1516924426767,71,1 sensors Google,200,publish successfully for Connection org.fusesource.mqtt.client.CallbackConnection@60e432d6.,1 sensors Google 2-1,,true,,20,0,1,2,71,0,0
1516924427147,7,1 sensors AWS,200,publish successfully for Connection org.fusesource.mqtt.client.CallbackConnection@1190b0a1.,1 sensors AWS 1-1,,true,,20,0,1,2,7,0,0
1516924427367,85,1 sensors Google,200,publish successfully for Connection org.fusesource.mqtt.client.CallbackConnection@60e432d6.,1 sensors Google 2-1,,true,,20,0,1,2,85,0,0
1516924427747,7,1 sensors AWS,200,publish successfully for Connection org.fusesource.mqtt.client.CallbackConnection@1190b0a1.,1 sensors AWS 1-1,,true,,20,0,1,2,7,0,0
1516924427967,69,1 sensors Google,200,publish successfully for Connection org.fusesource.mqtt.client.CallbackConnection@60e432d6.,1 sensors Google 2-1,,true,,20,0,1,2,69,0,0
1516924428347,5,1 sensors AWS,200,publish successfully for Connection org.fusesource.mqtt.client.CallbackConnection@1190b0a1.,1 sensors AWS 1-1,,true,,20,0,1,2,5,0,0
1516924428568,67,1 sensors Google,200,publish successfully for Connection org.fusesource.mqtt.client.CallbackConnection@60e432d6.,1 sensors Google 2-1,,true,,20,0,1,2,67,0,0
1516924428947,7,1 sensors AWS,200,publish successfully for Connection org.fusesource.mqtt.client.CallbackConnection@1190b0a1.,1 sensors AWS 1-1,,true,,20,0,1,2,7,0,0
1516924429167,65,1 sensors Google,200,publish successfully for Connection org.fusesource.mqtt.client.CallbackConnection@60e432d6.,1 sensors Google 2-1,,true,,20,0,1,2,65,0,0
1516924429547,4,1 sensors AWS,200,publish successfully for Connection org.fusesource.mqtt.client.CallbackConnection@1190b0a1.,1 sensors AWS 1-1,,true,,20,0,1,2,4,0,0
1516924429767,68,1 sensors Google,200,publish successfully for Connection org.fusesource.mqtt.client.CallbackConnection@60e432d6.,1 sensors Google 2-1,,true,,20,0,1,2,68,0,0
1516924430147,7,1 sensors AWS,200,publish successfully for Connection org.fusesource.mqtt.client.CallbackConnection@1190b0a1.,1 sensors AWS 1-1,,true,,20,0,1,2,7,0,0
1516924430368,73,1 sensors Google,200,publish successfully for Connection org.fusesource.mqtt.client.CallbackConnection@60e432d6.,1 sensors Google 2-1,,true,,20,0,1,2,73,0,0
1516924430747,6,1 sensors AWS,200,publish successfully for Connection org.fusesource.mqtt.client.CallbackConnection@1190b0a1.,1 sensors AWS 1-1,,true,,20,0,1,2,6,0,0
1516924430968,75,1 sensors Google,200,publish successfully for Connection org.fusesource.mqtt.client.CallbackConnection@60e432d6.,1 sensors Google 2-1,,true,,20,0,1,2,75,0,0
1516924431347,5,1 sensors AWS,200,publish successfully for Connection org.fusesource.mqtt.client.CallbackConnection@1190b0a1.,1 sensors AWS 1-1,,true,,20,0,1,2,5,0,0
1516924431567,69,1 sensors Google,200,publish successfully for Connection org.fusesource.mqtt.client.CallbackConnection@60e432d6.,1 sensors Google 2-1,,true,,20,0,1,2,69,0,0
1516924431947,8,1 sensors AWS,200,publish successfully for Connection org.fusesource.mqtt.client.CallbackConnection@1190b0a1.,1 sensors AWS 1-1,,true,,20,0,1,2,8,0,0
1516924432167,66,1 sensors Google,200,publish successfully for Connection org.fusesource.mqtt.client.CallbackConnection@60e432d6.,1 sensors Google 2-1,,true,,20,0,1,2,66,0,0
1516924432547,7,1 sensors AWS,200,publish successfully for Connection org.fusesource.mqtt.client.CallbackConnection@1190b0a1.,1 sensors AWS 1-1,,true,,20,0,1,2,7,0,0
1516924432767,66,1 sensors Google,200,publish successfully for Connection org.fusesource.mqtt.client.CallbackConnection@60e432d6.,1 sensors Google 2-1,,true,,20,0,1,2,66,0,0
1516924433147,5,1 sensors AWS,200,publish successfully for Connection org.fusesource.mqtt.client.CallbackConnection@1190b0a1.,1 sensors AWS 1-1,,true,,20,0,1,2,5,0,0
1516924433367,67,1 sensors Google,200,publish successfully for Connection org.fusesource.mqtt.client.CallbackConnection@60e432d6.,1 sensors Google 2-1,,true,,20,0,1,2,67,0,0
1516924433747,6,1 sensors AWS,200,publish successfully for Connection org.fusesource.mqtt.client.CallbackConnection@1190b0a1.,1 sensors AWS 1-1,,true,,20,0,1,2,6,0,0
1516924433967,67,1 sensors Google,200,publish successfully for Connection org.fusesource.mqtt.client.CallbackConnection@60e432d6.,1 sensors Google 2-1,,true,,20,0,1,2,67,0,0
1516924434347,7,1 sensors AWS,200,publish successfully for Connection org.fusesource.mqtt.client.CallbackConnection@1190b0a1.,1 sensors AWS 1-1,,true,,20,0,1,2,7,0,0
1516924434567,67,1 sensors Google,200,publish successfully for Connection org.fusesource.mqtt.client.CallbackConnection@60e432d6.,1 sensors Google 2-1,,true,,20,0,1,1,67,0,0
